{
  "bolusiob": 0, 
  "iob": 0.2769180859500934, 
  "activity": 0.0034609311553030304
}