{
  "bolusiob": 0.78505624904, 
  "iob": 0.8607868762150719, 
  "activity": 0.013986395233585856
}