{
  "bolusiob": 0.03522591777250008, 
  "iob": 0.4540168866309375, 
  "activity": 0.006514311868686867
}