{
  "bolusiob": 0, 
  "iob": 0.3342195613904811, 
  "activity": 0.005903159696969698
}