{
  "bolusiob": 0.2205001027600002, 
  "iob": 1.7297672354206248, 
  "activity": 0.022697563131313127
}