{
  "bolusiob": 0, 
  "iob": 0.9348013394232371, 
  "activity": 0.014900830176767675
}