{
  "bolusiob": 0, 
  "iob": 0.17204640143309274, 
  "activity": 0.003222875599747475
}