{
  "bolusiob": 3.6148803911799994, 
  "iob": 4.537030713491156, 
  "activity": 0.017303595404040403
}