{
  "bolusiob": 0.05034056488499976, 
  "iob": 1.5915049708005946, 
  "activity": 0.03047411924873737
}