{
  "bolusiob": 0, 
  "iob": 0.5880316173760956, 
  "activity": 0.00605112707070707
}