{
  "bolusiob": 0.41108440375, 
  "iob": 2.1325383805561535, 
  "activity": 0.027447175012626262
}