{
  "bolusiob": 0, 
  "iob": 0.19938075538752653, 
  "activity": 0.003447496811868687
}