{
  "bolusiob": 0, 
  "iob": 0.48013234349205935, 
  "activity": 0.005748434318181819
}