{
  "bolusiob": 0, 
  "iob": 0.9400394373158596, 
  "activity": 0.01684607007575758
}