{
  "bolusiob": 3.09711399634, 
  "iob": 5.460615414011969, 
  "activity": 0.030763774343434344
}