{
  "bolusiob": 2.2644069401599998, 
  "iob": 3.422906840626484, 
  "activity": 0.0164435827020202
}