{
  "bolusiob": 0.316066625, 
  "iob": 1.841591267640625, 
  "activity": 0.021572916666666664
}