{
  "bolusiob": 0.47616755567, 
  "iob": 1.67474133131125, 
  "activity": 0.010553061868686866
}