{
  "bolusiob": 0.24725952798250003, 
  "iob": 1.8686404867025006, 
  "activity": 0.04868397727272727
}