{
  "bolusiob": 0, 
  "iob": 1.0030267106262503, 
  "activity": 0.009037657828282825
}