{
  "bolusiob": 0.09170143783750001, 
  "iob": 1.645477911995313, 
  "activity": 0.014752184343434345
}