{
  "bolusiob": 0, 
  "iob": 1.711539204019849, 
  "activity": 0.013462933794191924
}