{
  "bolusiob": 0.8081743129600001, 
  "iob": 3.3153638176618747, 
  "activity": 0.04790059343434344
}