{
  "bolusiob": 0, 
  "iob": 1.6116345683100004, 
  "activity": 0.03652474747474748
}