{
  "bolusiob": 0, 
  "iob": 1.0765845536398437, 
  "activity": 0.009658115530303027
}