{
  "bolusiob": 0.5488318519600001, 
  "iob": 1.2441097383062503, 
  "activity": 0.029908352272727277
}