{
  "bolusiob": 5.47975100649, 
  "iob": 6.445842477677031, 
  "activity": 0.017089693813131312
}