{
  "bolusiob": 0, 
  "iob": 0.5921643701852831, 
  "activity": 0.006177711666666666
}