{
  "bolusiob": 0, 
  "iob": 1.0096092826481444, 
  "activity": 0.012358645833333336
}