{
  "bolusiob": 0, 
  "iob": 0.06262817013923991, 
  "activity": 0.004811379387626262
}