{
  "bolusiob": -0.0010769372899997799, 
  "iob": 2.1513898271775003, 
  "activity": 0.03964671717171717
}