{
  "bolusiob": 0, 
  "iob": 0.43919019354335703, 
  "activity": 0.008689097291666666
}