{
  "bolusiob": 0, 
  "iob": 0.4109039992999917, 
  "activity": 0.0054753251010101
}