{
  "bolusiob": 0.7612527072999999, 
  "iob": 1.5070981350281254, 
  "activity": 0.03333881313131314
}