{
  "bolusiob": 0, 
  "iob": 0.7280063582075, 
  "activity": 0.019290744949494953
}