{
  "bolusiob": 0.7858435632999999, 
  "iob": 1.4772489897868744, 
  "activity": 0.03375558712121213
}