{
  "bolusiob": 0, 
  "iob": 0.5515216621139241, 
  "activity": 0.005735618661616162
}