{
  "bolusiob": 0.3892334490000003, 
  "iob": 3.5757550204245705, 
  "activity": 0.05184377840909089
}