{
  "bolusiob": 0, 
  "iob": 0.5663581803779587, 
  "activity": 0.0056086634090909086
}