{
  "bolusiob": 3.447922520185, 
  "iob": 5.601462146077837, 
  "activity": 0.02824583656565656
}