{
  "bolusiob": 0.42477146095999996, 
  "iob": 1.944474934470625, 
  "activity": 0.02048526515151515
}