{
  "bolusiob": 5.21163560064, 
  "iob": 6.301823973878594, 
  "activity": 0.020719365530303027
}