{
  "bolusiob": 1.0908952658000002, 
  "iob": 2.7081256551084114, 
  "activity": 0.024340735618686864
}