{
  "bolusiob": 0.536248475, 
  "iob": 1.2149218870862497, 
  "activity": 0.029717241161616156
}