{
  "bolusiob": 0.14663006325000003, 
  "iob": 1.5143591288900002, 
  "activity": 0.04687638888888889
}