{
  "bolusiob": 0, 
  "iob": 0.3612265939351771, 
  "activity": 0.007894678099747475
}