{
  "bolusiob": 0, 
  "iob": 0.9242606991412696, 
  "activity": 0.012389864267676768
}