{
  "bolusiob": 0, 
  "iob": 0.5867622069689339, 
  "activity": 0.005505098308080808
}