{
  "bolusiob": 0, 
  "iob": 0.3998418602716685, 
  "activity": 0.005801549848484849
}