{
  "bolusiob": 0, 
  "iob": 0.08772034429499956, 
  "activity": 0.027808585858585855
}