{
  "bolusiob": 0, 
  "iob": 0.6848060578584377, 
  "activity": 0.0067400946969696975
}