{
  "bolusiob": 0, 
  "iob": 0.6679863246390031, 
  "activity": 0.00650838085858586
}