{
  "bolusiob": 0.6458138313399997, 
  "iob": 3.319190616275062, 
  "activity": 0.04522668066919191
}