{
  "bolusiob": 0, 
  "iob": 0.34063418207500007, 
  "activity": 0.007210858585858586
}