{
  "bolusiob": 0, 
  "iob": 0.22644937166, 
  "activity": 0.013017575757575756
}