{
  "bolusiob": 0, 
  "iob": 0.3120931179824216, 
  "activity": 0.0050237495328282825
}