{
  "bolusiob": 0, 
  "iob": 0.9933027630052809, 
  "activity": 0.009276863642676759
}