{
  "bolusiob": 0, 
  "iob": 0.48117472673902706, 
  "activity": 0.008957923049242422
}