{
  "bolusiob": 0, 
  "iob": 1.1538599147470028, 
  "activity": 0.008542639097222223
}