{
  "bolusiob": 1.2819065070400004, 
  "iob": 4.101539970228205, 
  "activity": 0.042804271073232314
}