{
  "bolusiob": 0, 
  "iob": 0.4322459256874995, 
  "activity": 0.03454103535353535
}