{
  "bolusiob": 0, 
  "iob": 0.7793737130883732, 
  "activity": 0.012750549179292935
}