{
  "bolusiob": 0.13376502835000004, 
  "iob": 1.6562656960537505, 
  "activity": 0.014050814393939392
}