{
  "bolusiob": 0, 
  "iob": 0.95945359278, 
  "activity": 0.006511792929292929
}