{
  "bolusiob": 0, 
  "iob": 0.7573432811688093, 
  "activity": 0.011236259539141416
}