{
  "bolusiob": 0.0011893394100000786, 
  "iob": 1.4406618259975, 
  "activity": 0.04762589646464646
}