{
  "bolusiob": 0.7494113881600001, 
  "iob": 2.7261259206789843, 
  "activity": 0.0256193529040404
}