{
  "bolusiob": 0, 
  "iob": 0.890558141127207, 
  "activity": 0.012433986742424248
}