{
  "bolusiob": 0.9192585448250001, 
  "iob": 2.5960819180450914, 
  "activity": 0.02499111440656566
}