{
  "bolusiob": 0, 
  "iob": 0.38308532816754615, 
  "activity": 0.005831088989898991
}