{
  "bolusiob": 2.9674484149275, 
  "iob": 5.379004138832694, 
  "activity": 0.03526270517676766
}