{
  "bolusiob": 0, 
  "iob": 0.3964346383324354, 
  "activity": 0.005325388232323233
}