{
  "bolusiob": 0, 
  "iob": 0.5744464747862453, 
  "activity": 0.006333524621212122
}