{
  "bolusiob": 0, 
  "iob": 0.41653668255134607, 
  "activity": 0.005819176111111111
}