{
  "bolusiob": 2.9844325427199996, 
  "iob": 4.355968590314298, 
  "activity": 0.02094356383838384
}