{
  "bolusiob": 0, 
  "iob": 0.7307333637906073, 
  "activity": 0.014073828819444452
}