{
  "bolusiob": 0, 
  "iob": 0.64293012514713, 
  "activity": 0.006237885277777778
}