{
  "bolusiob": 0, 
  "iob": 0.4261994303808061, 
  "activity": 0.005642370555555555
}