{
  "bolusiob": 0, 
  "iob": 0.11345360003496774, 
  "activity": 0.0028952556502525257
}