{
  "bolusiob": 1.2681641353800006, 
  "iob": 3.4307025442200003, 
  "activity": 0.03372696969696969
}