{
  "bolusiob": 0, 
  "iob": 0.9475031267286719, 
  "activity": 0.015294883207070708
}