{
  "bolusiob": 0, 
  "iob": 0.3686255754358311, 
  "activity": 0.005470533434343435
}