{
  "bolusiob": 0, 
  "iob": 0.20064603125, 
  "activity": 0.0140530303030303
}