{
  "bolusiob": 0, 
  "iob": 0.4918135516149999, 
  "activity": 0.010717866161616163
}