{
  "bolusiob": 0, 
  "iob": 0.45704739376252723, 
  "activity": 0.0058518243686868695
}