{
  "bolusiob": 0, 
  "iob": 0.8610383237049304, 
  "activity": 0.009211060814393943
}