{
  "bolusiob": 0.4202144264400002, 
  "iob": 3.623037822095509, 
  "activity": 0.05160461805555554
}