{
  "bolusiob": 0, 
  "iob": 0.8177816553725002, 
  "activity": 0.019350757575757573
}