{
  "bolusiob": 3.5666444441599996, 
  "iob": 3.7996172792764518, 
  "activity": 0.007959712720959595
}