{
  "bolusiob": 0.11017772453999997, 
  "iob": 0.588010620410049, 
  "activity": 0.004100173781565655
}