{
  "bolusiob": 2.8114828219699994, 
  "iob": 3.1761758068793746, 
  "activity": 0.013153055555555555
}