{
  "bolusiob": 0.5906879426475001, 
  "iob": 1.3769102278024998, 
  "activity": 0.009106805555555554
}