{
  "bolusiob": 0, 
  "iob": 1.1174349738849223, 
  "activity": 0.017710160984848487
}