{
  "bolusiob": 0, 
  "iob": 0.5835994951368751, 
  "activity": 0.012285290404040404
}