{
  "bolusiob": 0.7421244073600001, 
  "iob": 0.8121896550996626, 
  "activity": 0.013238885902777777
}