{
  "bolusiob": 0, 
  "iob": 0.9578219066355999, 
  "activity": 0.009244762222222223
}