{
  "bolusiob": 1.0790406670799997, 
  "iob": 3.215131439485, 
  "activity": 0.03414166666666667
}