{
  "bolusiob": 0, 
  "iob": 0.21572992320000006, 
  "activity": 0.006383838383838384
}