{
  "bolusiob": 0, 
  "iob": 2.1138806241075003, 
  "activity": 0.049296843434343436
}