{
  "bolusiob": 0, 
  "iob": 0.9668156648958595, 
  "activity": 0.01693011047979798
}