{
  "bolusiob": 0.010084276349999977, 
  "iob": 1.5081514974964843, 
  "activity": 0.01713761047979798
}