{
  "bolusiob": 0, 
  "iob": 1.088124085763003, 
  "activity": 0.007775240107323233
}