{
  "bolusiob": 0, 
  "iob": 0.6894086379529664, 
  "activity": 0.009450007304292931
}