{
  "bolusiob": 0.6863090866125001, 
  "iob": 2.49684772942625, 
  "activity": 0.044590265151515145
}