{
  "bolusiob": 0.2962376678475, 
  "iob": 3.4188608261095705, 
  "activity": 0.05297315972222221
}