{
  "bolusiob": 0, 
  "iob": 0.700706373389375, 
  "activity": 0.006895517676767678
}