{
  "bolusiob": 0, 
  "iob": 0.9010117230100001, 
  "activity": 0.01987222222222222
}