{
  "bolusiob": 0, 
  "iob": 0.973433952662422, 
  "activity": 0.017394422348484845
}