{
  "bolusiob": 0.23412766464749993, 
  "iob": 1.1569787458025, 
  "activity": 0.011940138888888887
}