{
  "bolusiob": 0, 
  "iob": 1.0664462990542507, 
  "activity": 0.009357689810606062
}