{
  "bolusiob": 0, 
  "iob": 0.6766687193170071, 
  "activity": 0.008894207771464649
}