{
  "bolusiob": 0, 
  "iob": 0.7437225046828123, 
  "activity": 0.016767790404040403
}