{
  "bolusiob": 0, 
  "iob": 0.38920503232426856, 
  "activity": 0.0060898263636363645
}