{
  "bolusiob": 0.75652520898, 
  "iob": 2.7853099472025, 
  "activity": 0.034907108585858576
}