{
  "bolusiob": 0, 
  "iob": 0.5537834465688688, 
  "activity": 0.015548475385101002
}