{
  "bolusiob": 0, 
  "iob": 0.4084696467681729, 
  "activity": 0.00581213696969697
}