{
  "bolusiob": 0, 
  "iob": 1.3578277522836526, 
  "activity": 0.011143619374999999
}