{
  "bolusiob": 0, 
  "iob": -0.09634081096942504, 
  "activity": 0.016671521395202022
}