{
  "bolusiob": 0, 
  "iob": 0.3437647715811211, 
  "activity": 0.005927402121212123
}