{
  "bolusiob": 0, 
  "iob": 0.4687402621670825, 
  "activity": 0.0062106976704545454
}