{
  "bolusiob": 0, 
  "iob": 0.3315183008172461, 
  "activity": 0.005173399595959596
}