{
  "bolusiob": 0, 
  "iob": 0.5785763928194125, 
  "activity": 0.006045779848484849
}