{
  "bolusiob": 0.12190049683749998, 
  "iob": 1.6774601470990627, 
  "activity": 0.014226672979797978
}