{
  "bolusiob": 0, 
  "iob": 0.2851204090752262, 
  "activity": 0.004008573200757576
}