{
  "bolusiob": 0, 
  "iob": 0.9556067385525001, 
  "activity": 0.007040277777777778
}