{
  "bolusiob": 0, 
  "iob": 0.9240751689387695, 
  "activity": 0.012457995580808078
}