{
  "bolusiob": 0, 
  "iob": 0.606896409196137, 
  "activity": 0.015286242607323234
}