{
  "bolusiob": -9.538143999998638e-05, 
  "iob": 0.1672984544581287, 
  "activity": 0.0050661836805555565
}