{
  "bolusiob": 0, 
  "iob": 0.5306823225050001, 
  "activity": 0.03585883838383839
}