{
  "bolusiob": 0, 
  "iob": 0.44908271369516606, 
  "activity": 0.005775934318181819
}