{
  "bolusiob": 0.6113256942, 
  "iob": 2.368674152851875, 
  "activity": 0.044238737373737375
}