{
  "bolusiob": 0.5884394647599999, 
  "iob": 1.34896092746625, 
  "activity": 0.030568554292929297
}