{
  "bolusiob": -0.00016433997999996117, 
  "iob": 2.562119981295, 
  "activity": 0.0520131313131313
}