{
  "bolusiob": 0, 
  "iob": 0.7884197150781131, 
  "activity": 0.00926828119318182
}