{
  "bolusiob": 0, 
  "iob": 0.8677707665775001, 
  "activity": 0.0048400000000000006
}