{
  "bolusiob": 0, 
  "iob": -0.0002941594950000459, 
  "activity": 0.004382070707070706
}