{
  "bolusiob": 0, 
  "iob": 0.6210755264045162, 
  "activity": 0.006388617601010102
}