{
  "bolusiob": 0, 
  "iob": 0.3845272688020512, 
  "activity": 0.004192099084595958
}