{
  "bolusiob": 0.36100129014750054, 
  "iob": 3.5306923323901973, 
  "activity": 0.0522145107323232
}