{
  "bolusiob": 0, 
  "iob": 0.2104138659140765, 
  "activity": 0.0034628503472222223
}