{
  "bolusiob": 0, 
  "iob": 0.431276009286875, 
  "activity": 0.011315088383838382
}