{
  "bolusiob": 0, 
  "iob": 0.9119760411725003, 
  "activity": 0.02535472222222222
}