{
  "bolusiob": 0, 
  "iob": 0.38637339556922695, 
  "activity": 0.008013061938131314
}