{
  "bolusiob": 0.00713488321000002, 
  "iob": 0.33950696855250007, 
  "activity": 0.005595580808080808
}