{
  "bolusiob": 0.17087824839000001, 
  "iob": 1.0937969104100003, 
  "activity": 0.012641388888888886
}