{
  "bolusiob": 0, 
  "iob": 0.5959234168530595, 
  "activity": 0.0061270023169191935
}