{
  "bolusiob": 0, 
  "iob": 0.16986782616875007, 
  "activity": 0.006020833333333333
}