{
  "bolusiob": 2.43525866434, 
  "iob": 5.091063348598446, 
  "activity": 0.035717162424242416
}