{
  "bolusiob": 0, 
  "iob": 1.0156514306389728, 
  "activity": 0.006369532796717174
}