{
  "bolusiob": 0, 
  "iob": 0.6395864286801719, 
  "activity": 0.005364911792929293
}