{
  "bolusiob": 0, 
  "iob": 0.44553510574667693, 
  "activity": 0.008976875069444442
}