{
  "bolusiob": 0, 
  "iob": 0.5957891826466145, 
  "activity": 0.00896833024621212
}