{
  "bolusiob": 0, 
  "iob": 0.36069011383390126, 
  "activity": 0.004204403377525252
}