{
  "bolusiob": 0, 
  "iob": 0.4985678273054344, 
  "activity": 0.009018235549242422
}