{
  "bolusiob": 1.66681200721, 
  "iob": 1.6895109283024998, 
  "activity": 0.0013151388888888887
}