{
  "bolusiob": 0, 
  "iob": 0.8315867356487497, 
  "activity": 0.006049015151515153
}