{
  "bolusiob": 0, 
  "iob": 0.2503901406007515, 
  "activity": 0.003402244286616162
}