{
  "bolusiob": 0, 
  "iob": 0.9068278475406447, 
  "activity": 0.012355255681818174
}