{
  "bolusiob": 0, 
  "iob": 0.6481753251571163, 
  "activity": 0.009489827771464645
}