{
  "bolusiob": 0, 
  "iob": 0.9689021276349219, 
  "activity": 0.015340716540404043
}