{
  "bolusiob": 0.19393335178250007, 
  "iob": 1.6881888991824994, 
  "activity": 0.047784709595959596
}