{
  "bolusiob": 0, 
  "iob": 0.29106311715249983, 
  "activity": 0.015115404040404035
}