{
  "bolusiob": 0, 
  "iob": 0.47831679491466467, 
  "activity": 0.0059541917929292944
}