{
  "bolusiob": 0.36002683631250004, 
  "iob": 0.9186428218862497, 
  "activity": 0.027534665404040398
}