{
  "bolusiob": 0, 
  "iob": 0.8236864379867721, 
  "activity": 0.011211152215909096
}