{
  "bolusiob": 0, 
  "iob": 0.51349573192153, 
  "activity": 0.005627701925505049
}