{
  "bolusiob": 0, 
  "iob": 0.9921180691075195, 
  "activity": 0.012337118055555556
}