{
  "bolusiob": 0, 
  "iob": 0.7219576535487497, 
  "activity": 0.0187472601010101
}