{
  "bolusiob": 0, 
  "iob": 0.4746795495197895, 
  "activity": 0.009013440726010102
}