{
  "bolusiob": 0, 
  "iob": 0.918388025920547, 
  "activity": 0.017085855429292928
}