{
  "bolusiob": 0, 
  "iob": 0.3390013397187105, 
  "activity": 0.005320514494949495
}