{
  "bolusiob": 0, 
  "iob": 0.3512403139201316, 
  "activity": 0.0059461521212121225
}