{
  "bolusiob": -0.0006336284350002996, 
  "iob": 1.2190794841442143, 
  "activity": 0.028698917228535355
}