{
  "bolusiob": 0.17079165648500017, 
  "iob": 2.216140584548437, 
  "activity": 0.053665145202020204
}