{
  "bolusiob": 0.2465923879900002, 
  "iob": 2.96347195781, 
  "activity": 0.042603888888888886
}