{
  "bolusiob": 0, 
  "iob": 0.42556833491914453, 
  "activity": 0.008500157897727272
}