{
  "bolusiob": 0, 
  "iob": 0.5649920758610021, 
  "activity": 0.009008936306818179
}