{
  "bolusiob": 0, 
  "iob": 1.1367385679112498, 
  "activity": 0.026895025252525247
}