{
  "bolusiob": 1.1540292252700006, 
  "iob": 4.961249983130001, 
  "activity": 0.048299166666666664
}