{
  "bolusiob": 0, 
  "iob": 0.3677276025999999, 
  "activity": 0.012116010101010101
}