{
  "bolusiob": 0, 
  "iob": 1.4033397483763372, 
  "activity": 0.011478748604797983
}