{
  "bolusiob": 0, 
  "iob": 0.9747052491312501, 
  "activity": 0.008339526515151513
}