{
  "bolusiob": 0.005659877999999962, 
  "iob": 2.8015986981875, 
  "activity": 0.05336679292929293
}