{
  "bolusiob": 0, 
  "iob": 0.5554335925747149, 
  "activity": 0.006219498282828284
}