{
  "bolusiob": 0, 
  "iob": 0.5032598070031096, 
  "activity": 0.009024191988636363
}