{
  "bolusiob": 0, 
  "iob": 0.9516120142786717, 
  "activity": 0.015051328914141415
}