{
  "bolusiob": 0, 
  "iob": 0.47354788285499994, 
  "activity": 0.01136539141414141
}