{
  "bolusiob": 0, 
  "iob": 0.5660339769962505, 
  "activity": 0.03034778409090909
}