{
  "bolusiob": 2.328357213275, 
  "iob": 3.431551527343972, 
  "activity": 0.014498437638888887
}