{
  "bolusiob": 0, 
  "iob": 0.66068555469, 
  "activity": 0.018288383838383836
}