{
  "bolusiob": 0, 
  "iob": 0.6952155307875, 
  "activity": 0.0020791666666666667
}