{
  "bolusiob": 0, 
  "iob": 0.714141580368125, 
  "activity": 0.005739507575757576
}