{
  "bolusiob": 0, 
  "iob": 0.9297221533209373, 
  "activity": 0.012495366161616162
}