{
  "bolusiob": 0, 
  "iob": 0.5662290105983596, 
  "activity": 0.006143504842171719
}