{
  "bolusiob": 0.2428237219099999, 
  "iob": 1.7101566806875002, 
  "activity": 0.012868030303030303
}