{
  "bolusiob": 0, 
  "iob": 0.14687035900926, 
  "activity": 0.020643882506313126
}