{
  "bolusiob": 0, 
  "iob": 1.0295164417832132, 
  "activity": 0.009314922815656572
}