{
  "bolusiob": 0, 
  "iob": 0.9074228959537695, 
  "activity": 0.012411833964646464
}