{
  "bolusiob": 0.005003942837499997, 
  "iob": 1.449384677567422, 
  "activity": 0.017328443813131315
}