{
  "bolusiob": 0, 
  "iob": 0.3752919913818292, 
  "activity": 0.005887187474747476
}