{
  "bolusiob": 1.57681688225, 
  "iob": 1.6646587180625, 
  "activity": 0.0027270833333333327
}