{
  "bolusiob": 4.402974544779999, 
  "iob": 4.842661657084034, 
  "activity": 0.009508791123737374
}