{
  "bolusiob": 0, 
  "iob": 0.46644197138255733, 
  "activity": 0.005829741035353535
}