{
  "bolusiob": 0, 
  "iob": 0.692207009124657, 
  "activity": 0.008841581508838384
}