{
  "bolusiob": 0, 
  "iob": 0.3473314017357693, 
  "activity": 0.0041967329229797975
}