{
  "bolusiob": 0, 
  "iob": 0.26784393324389677, 
  "activity": 0.003859677998737374
}