{
  "bolusiob": 0.1438960249999999, 
  "iob": 1.6155704838906249, 
  "activity": 0.023792613636363633
}