{
  "bolusiob": 0, 
  "iob": 0.6823346422399998, 
  "activity": 0.017211957070707076
}