{
  "bolusiob": 0, 
  "iob": 0.5391620263834376, 
  "activity": 0.0076874873737373724
}