{
  "bolusiob": 0, 
  "iob": 0.6420899459352363, 
  "activity": 0.005823952196969696
}