{
  "bolusiob": 0, 
  "iob": -0.09565832116773984, 
  "activity": 0.01763926129419192
}