{
  "bolusiob": 0.0074498158374999845, 
  "iob": 1.4302313120211723, 
  "activity": 0.017222124368686868
}