{
  "bolusiob": 0.0014831485724998926, 
  "iob": 0.413710125010625, 
  "activity": 0.005491742424242425
}