{
  "bolusiob": 0, 
  "iob": 1.2626558079701076, 
  "activity": 0.009356209255050506
}