{
  "bolusiob": 0.009987124599999841, 
  "iob": 1.5701322997068174, 
  "activity": 0.025732989273989895
}