{
  "bolusiob": 0, 
  "iob": 0.4412756931629386, 
  "activity": 0.005732481035353535
}