{
  "bolusiob": 0, 
  "iob": 0.8978546106875004, 
  "activity": 0.03991982323232323
}