{
  "bolusiob": 0, 
  "iob": 0.6322393093625, 
  "activity": 0.007204570707070707
}