{
  "bolusiob": 0, 
  "iob": 0.8300945363149999, 
  "activity": 0.016023920454545457
}