{
  "bolusiob": 0, 
  "iob": 1.6223716924672085, 
  "activity": 0.013089414804292935
}