{
  "bolusiob": 0, 
  "iob": 0.37483743646562284, 
  "activity": 0.0058250788888888905
}