{
  "bolusiob": 0.30861332818750004, 
  "iob": 1.2176646280624999, 
  "activity": 0.011227083333333332
}