{
  "bolusiob": 0, 
  "iob": 0.24308736668999972, 
  "activity": 0.014576262626262623
}