{
  "bolusiob": 0, 
  "iob": 0.9581335018539111, 
  "activity": 0.01248642361111111
}