{
  "bolusiob": 0, 
  "iob": 0.9632431938835302, 
  "activity": 0.014841657196969697
}