{
  "bolusiob": 0, 
  "iob": 0.7241191237583521, 
  "activity": 0.009386738023989897
}