{
  "bolusiob": 2.39183034648, 
  "iob": 2.782416366226875, 
  "activity": 0.011620972222222224
}