{
  "bolusiob": 0, 
  "iob": 1.4427798534959788, 
  "activity": 0.024218885738636363
}