{
  "bolusiob": 0, 
  "iob": 0.5802312046899946, 
  "activity": 0.008992010801767675
}