{
  "bolusiob": 0, 
  "iob": 0.5756631605600007, 
  "activity": 0.02789715909090908
}