{
  "bolusiob": 0.8107915311999999, 
  "iob": 1.5004870367275007, 
  "activity": 0.034226325757575754
}