{
  "bolusiob": 0.05486195803249933, 
  "iob": 3.3100382798831256, 
  "activity": 0.056060669191919196
}