{
  "bolusiob": 0, 
  "iob": 0.5884778119938882, 
  "activity": 0.006279428838383841
}