{
  "bolusiob": 0, 
  "iob": 0.9744203300449219, 
  "activity": 0.015249258207070704
}