{
  "bolusiob": 0, 
  "iob": 0.6619165385552468, 
  "activity": 0.005644166843434342
}