{
  "bolusiob": 0, 
  "iob": 0.9459178468542968, 
  "activity": 0.01731192234848485
}