{
  "bolusiob": 0, 
  "iob": 0.5693938967261455, 
  "activity": 0.00618913212121212
}