{
  "bolusiob": 0, 
  "iob": 0.21102994587999999, 
  "activity": 0.013513787878787882
}