{
  "bolusiob": 0, 
  "iob": 0.9358579076950003, 
  "activity": 0.012441571969696967
}