{
  "bolusiob": 0.6932265712000001, 
  "iob": 1.50934954835, 
  "activity": 0.010928611111111111
}