{
  "bolusiob": 0, 
  "iob": 0.5858805283979095, 
  "activity": 0.006125487165404041
}