{
  "bolusiob": 0.08325465835000004, 
  "iob": 1.66969896450875, 
  "activity": 0.014923958333333334
}