{
  "bolusiob": 0.5774929786399999, 
  "iob": 0.7571142046509919, 
  "activity": 0.012126922518939395
}