{
  "bolusiob": 0, 
  "iob": 1.0235111956156084, 
  "activity": 0.009333597058080803
}