{
  "bolusiob": 0, 
  "iob": 0.411166138316077, 
  "activity": 0.008451294261363639
}