{
  "bolusiob": 0.5087223956250003, 
  "iob": 3.1017186471943217, 
  "activity": 0.04488269248737373
}