{
  "bolusiob": 0, 
  "iob": 0.42379517777142706, 
  "activity": 0.007549602342171717
}