{
  "bolusiob": 0, 
  "iob": 0.49964135050536984, 
  "activity": 0.005913307954545454
}