{
  "bolusiob": 0, 
  "iob": 1.0951313104747058, 
  "activity": 0.009438965063131311
}