{
  "bolusiob": 0, 
  "iob": 0.6860002619989533, 
  "activity": 0.006387168737373738
}