{
  "bolusiob": 0, 
  "iob": 0.7078482042262771, 
  "activity": 0.008785053731060607
}