{
  "bolusiob": 1.2725174183000003, 
  "iob": 2.8141240054547616, 
  "activity": 0.023285937638888886
}