{
  "bolusiob": 0, 
  "iob": 0.9412762923156445, 
  "activity": 0.012327982954545449
}