{
  "bolusiob": 0, 
  "iob": 0.036101334447218796, 
  "activity": 0.004715299772727272
}