{
  "bolusiob": 0, 
  "iob": 0.2326613884211809, 
  "activity": 0.0034488351957070716
}