{
  "bolusiob": 0, 
  "iob": 0.8646973190124999, 
  "activity": 0.003972916666666667
}