{
  "bolusiob": 0, 
  "iob": 1.9805267769956725e-06, 
  "activity": 0.00015222105429292933
}