{
  "bolusiob": 0, 
  "iob": 0.7176858672808545, 
  "activity": 0.00936323423611111
}