{
  "bolusiob": 4.198503087500001, 
  "iob": 5.848567107294347, 
  "activity": 0.02308490853535353
}