{
  "bolusiob": 0, 
  "iob": 0.5689832447499042, 
  "activity": 0.006355443813131314
}