{
  "bolusiob": 0.10629258508000004, 
  "iob": 1.3506162210800001, 
  "activity": 0.04597712121212121
}