{
  "bolusiob": 0.7191777136124999, 
  "iob": 2.6016369575262503, 
  "activity": 0.044739709595959604
}