{
  "bolusiob": 4.57328719648, 
  "iob": 4.722210252612542, 
  "activity": 0.005755318762626263
}