{
  "bolusiob": 0, 
  "iob": 0.6114619947071875, 
  "activity": 0.007506439393939394
}