{
  "bolusiob": 0.91237076832, 
  "iob": 3.0019910019650005, 
  "activity": 0.03452881944444444
}