{
  "bolusiob": 0, 
  "iob": 0.5370121789316324, 
  "activity": 0.006163052468434344
}