{
  "bolusiob": 0, 
  "iob": 0.8407487355134375, 
  "activity": 0.005279753787878788
}