{
  "bolusiob": 0, 
  "iob": 0.12665461561457036, 
  "activity": 0.005421486742424242
}