{
  "bolusiob": 0, 
  "iob": 0.5041530512672888, 
  "activity": 0.005649785258838386
}