{
  "bolusiob": 0, 
  "iob": 0.7581787979940856, 
  "activity": 0.00932846696969697
}