{
  "bolusiob": 0, 
  "iob": 0.02413630129499942, 
  "activity": 0.025119191919191916
}