{
  "bolusiob": 1.4870263525799998, 
  "iob": 3.593662104645, 
  "activity": 0.0332980303030303
}