{
  "bolusiob": 0, 
  "iob": 0.43960491067509005, 
  "activity": 0.006239864337121213
}