{
  "bolusiob": -0.0002152256099998584, 
  "iob": 0.6971860168475001, 
  "activity": 0.012928156565656565
}