{
  "bolusiob": 0, 
  "iob": 0.6025231183410427, 
  "activity": 0.005727790580808081
}