{
  "bolusiob": 0, 
  "iob": 0.640526384130625, 
  "activity": 0.005629166666666666
}