{
  "bolusiob": 0, 
  "iob": 0.8401543270631721, 
  "activity": 0.011167212821969702
}