{
  "bolusiob": 0, 
  "iob": 0.6573008205401218, 
  "activity": 0.005183093611111112
}