{
  "bolusiob": 0, 
  "iob": 0.47960724142187505, 
  "activity": 0.011639204545454545
}