{
  "bolusiob": 0, 
  "iob": 0.7945110849673528, 
  "activity": 0.013687623011363637
}