{
  "bolusiob": 0.5162692371599998, 
  "iob": 1.6125343984024998, 
  "activity": 0.010103857323232322
}