{
  "bolusiob": 0, 
  "iob": 1.0846274353599998, 
  "activity": 0.02094343434343434
}