{
  "bolusiob": 0, 
  "iob": 0.32420941256751046, 
  "activity": 0.0051786584343434345
}