{
  "bolusiob": 0, 
  "iob": 0.7331321544725002, 
  "activity": 0.002395972222222222
}