{
  "bolusiob": 0.4546751539999999, 
  "iob": 0.7966816090389577, 
  "activity": 0.011764315195707073
}