{
  "bolusiob": 0, 
  "iob": 0.7177229849987502, 
  "activity": 0.023060220959595958
}