{
  "bolusiob": 0, 
  "iob": 0.4340181540845311, 
  "activity": 0.005640097828282828
}