{
  "bolusiob": 0, 
  "iob": 1.0230619513643944, 
  "activity": 0.012317812499999992
}