{
  "bolusiob": 0, 
  "iob": 0.7908502635562521, 
  "activity": 0.011125400953282823
}