{
  "bolusiob": 0, 
  "iob": 0.9790382708131445, 
  "activity": 0.012386770833333335
}