{
  "bolusiob": 0, 
  "iob": 0.8138600173275, 
  "activity": 0.006048547979797979
}