{
  "bolusiob": 0, 
  "iob": 0.2877707483652928, 
  "activity": 0.0042010512058080806
}