{
  "bolusiob": 0, 
  "iob": 0.5332221693231896, 
  "activity": 0.009025700827020202
}