{
  "bolusiob": 0, 
  "iob": 0.011585829726285732, 
  "activity": 0.004629537967171718
}