{
  "bolusiob": 0, 
  "iob": 0.49283146156268004, 
  "activity": 0.00566671076388889
}