{
  "bolusiob": 0, 
  "iob": 0.8847828840624999, 
  "activity": 0.003559027777777778
}