{
  "bolusiob": 2.434850076075, 
  "iob": 3.4962586538963407, 
  "activity": 0.01325677097222222
}