{
  "bolusiob": 0, 
  "iob": 0.9491748490409473, 
  "activity": 0.012524157196969695
}