{
  "bolusiob": 0, 
  "iob": 0.574314472058, 
  "activity": 0.006183797525252525
}