{
  "bolusiob": 0, 
  "iob": 0.39189127626700604, 
  "activity": 0.005643311212121212
}