{
  "bolusiob": 0, 
  "iob": 1.0597117893839845, 
  "activity": 0.01762283143939394
}