{
  "bolusiob": -9.29076499999737e-05, 
  "iob": 1.2478456072552346, 
  "activity": 0.017675767045454545
}