{
  "bolusiob": 0, 
  "iob": 1.8722926671841678, 
  "activity": 0.014944703188131315
}