{
  "bolusiob": 0.4634959652825, 
  "iob": 1.7122177999059376, 
  "activity": 0.010703251262626261
}