{
  "bolusiob": 0, 
  "iob": 0.6459961619259471, 
  "activity": 0.006116448832070707
}