{
  "bolusiob": 0, 
  "iob": 1.5235655577031249, 
  "activity": 0.045231376262626265
}