{
  "bolusiob": 1.6907555892100001, 
  "iob": 1.6966774738025, 
  "activity": 0.0006068055555555554
}