{
  "bolusiob": 0, 
  "iob": 0.6770921502384988, 
  "activity": 0.006447269747474747
}