{
  "bolusiob": 0.06520249534999989, 
  "iob": 1.7086857605450203, 
  "activity": 0.026875118642676773
}