{
  "bolusiob": 0.8296937816475001, 
  "iob": 1.4656242688025, 
  "activity": 0.007690138888888887
}