{
  "bolusiob": 0, 
  "iob": 0.9158694262095142, 
  "activity": 0.009229496148989897
}