{
  "bolusiob": 0, 
  "iob": 1.1652427911683427, 
  "activity": 0.006878093642676769
}