{
  "bolusiob": 1.0481638851600001, 
  "iob": 3.6073791139618754, 
  "activity": 0.04757445707070707
}