{
  "bolusiob": 0, 
  "iob": 1.2613646298203125, 
  "activity": 0.010798658749999999
}