{
  "bolusiob": 0, 
  "iob": 0.30963379492417104, 
  "activity": 0.00502271417929293
}