{
  "bolusiob": 0, 
  "iob": 0.3416979802950001, 
  "activity": 0.03318737373737373
}