{
  "bolusiob": 0, 
  "iob": 1.749481448711711, 
  "activity": 0.013979147632575758
}