{
  "bolusiob": 0, 
  "iob": 0.317376609216398, 
  "activity": 0.004209834842171718
}