{
  "bolusiob": 0, 
  "iob": 0.3246472720741373, 
  "activity": 0.004209834842171717
}