{
  "bolusiob": 0.10230066345999982, 
  "iob": 2.032394977214688, 
  "activity": 0.053307102272727266
}