{
  "bolusiob": 0.22352246985250002, 
  "iob": 0.7241103849962498, 
  "activity": 0.02571910984848485
}