{
  "bolusiob": 0, 
  "iob": 0.3990117931297146, 
  "activity": 0.007830820776515151
}