{
  "bolusiob": 0.860445425, 
  "iob": 2.228985385140625, 
  "activity": 0.017133522727272723
}