{
  "bolusiob": 0.40638514486500016, 
  "iob": 2.883630540364118, 
  "activity": 0.04451564703282828
}