{
  "bolusiob": 0.18482842150000006, 
  "iob": 0.686336743833958, 
  "activity": 0.0029026800946969702
}