{
  "bolusiob": 0, 
  "iob": 1.0587905362840757, 
  "activity": 0.009386004204545452
}