{
  "bolusiob": 0, 
  "iob": 2.3363101806875, 
  "activity": 0.050677398989898995
}