{
  "bolusiob": 0, 
  "iob": 0.45141059770879954, 
  "activity": 0.0072993221969697
}