{
  "bolusiob": 0, 
  "iob": 0.9427166391621093, 
  "activity": 0.015393386994949495
}