{
  "bolusiob": 0.11135786383750002, 
  "iob": 1.6503944189740622, 
  "activity": 0.014397885101010104
}