{
  "bolusiob": 0, 
  "iob": 0.6112711568480146, 
  "activity": 0.008937572670454549
}