{
  "bolusiob": 0.32583323990999996, 
  "iob": 3.471569255883945, 
  "activity": 0.05269716224747474
}