{
  "bolusiob": 0.037805675250000045, 
  "iob": 1.3875868725625, 
  "activity": 0.023457070707070704
}