{
  "bolusiob": 0, 
  "iob": 0.6708004872987499, 
  "activity": 0.018215063131313127
}