{
  "bolusiob": 0, 
  "iob": 0.9651233233739845, 
  "activity": 0.016766278409090906
}