{
  "bolusiob": 0, 
  "iob": 0.5974315336193751, 
  "activity": 0.0073583207070707065
}