{
  "bolusiob": 0.014013898437500005, 
  "iob": 1.543720762497422, 
  "activity": 0.017021777146464648
}