{
  "bolusiob": 0.14239047864, 
  "iob": 0.6120661631066324, 
  "activity": 0.003550628327020202
}