{
  "bolusiob": 0.21511135625, 
  "iob": 0.71216292983625, 
  "activity": 0.025590978535353533
}