{
  "bolusiob": 0, 
  "iob": 0.588245303786875, 
  "activity": 0.005379261363636363
}