{
  "bolusiob": 0, 
  "iob": 0.25479276318631594, 
  "activity": 0.0034628314078282833
}