{
  "bolusiob": 0, 
  "iob": 1.0523164111708505, 
  "activity": 0.009409962537878786
}