{
  "bolusiob": 0, 
  "iob": 1.0291195663611723, 
  "activity": 0.017557168560606056
}