{
  "bolusiob": 0, 
  "iob": 2.0290540616775004, 
  "activity": 0.0389770202020202
}