{
  "bolusiob": 0, 
  "iob": 0.6305149472501969, 
  "activity": 0.005455820883838384
}