{
  "bolusiob": 0, 
  "iob": 0.7359671370100002, 
  "activity": 0.01881161616161616
}