{
  "bolusiob": 0.0029157476474999553, 
  "iob": 0.757245913536875, 
  "activity": 0.013246906565656564
}