{
  "bolusiob": 0, 
  "iob": 1.183814130238125, 
  "activity": 0.00578493686868687
}