{
  "bolusiob": 0, 
  "iob": 1.4859002198722244, 
  "activity": 0.012207917935606062
}