{
  "bolusiob": 0, 
  "iob": 0.5473574116548043, 
  "activity": 0.005444542752525252
}