{
  "bolusiob": 0.14304895533750003, 
  "iob": 1.6776687826003127, 
  "activity": 0.013932904040404037
}