{
  "bolusiob": 0, 
  "iob": 1.1466788187889063, 
  "activity": 0.010180375631313136
}