{
  "bolusiob": 0, 
  "iob": 0.9983616927179543, 
  "activity": 0.012415482954545459
}