{
  "bolusiob": 0.018601685180000084, 
  "iob": 3.048402524295, 
  "activity": 0.05470252525252525
}