{
  "bolusiob": 0, 
  "iob": 0.5901171938479763, 
  "activity": 0.006408405631313133
}