{
  "bolusiob": 0, 
  "iob": 0.12432611619230902, 
  "activity": 0.0029291192866161622
}