{
  "bolusiob": 0, 
  "iob": 0.6744150309550002, 
  "activity": 0.020949191919191916
}