{
  "bolusiob": 0, 
  "iob": 0.5756093700831257, 
  "activity": 0.03641912878787879
}