{
  "bolusiob": 3.6731428614999997, 
  "iob": 3.8368396540906873, 
  "activity": 0.006456612973484849
}