{
  "bolusiob": 0, 
  "iob": 0.9439725712662559, 
  "activity": 0.006130530271464645
}