{
  "bolusiob": 4.483437499980258e-06, 
  "iob": 1.228223423046172, 
  "activity": 0.017628898358585856
}