{
  "bolusiob": 0.16704409359999994, 
  "iob": 1.812755063121415, 
  "activity": 0.02602405622474748
}