{
  "bolusiob": 0, 
  "iob": 0.9517998562553799, 
  "activity": 0.009256353131313125
}