{
  "bolusiob": 0.03143110374999991, 
  "iob": 1.6359882381108048, 
  "activity": 0.02629959649621212
}