{
  "bolusiob": 0, 
  "iob": 0.7096812819228125, 
  "activity": 0.02380669191919192
}