{
  "bolusiob": 0.8195712991850002, 
  "iob": 3.54088862660642, 
  "activity": 0.04552134349747474
}