{
  "bolusiob": 0.19340785216, 
  "iob": 1.9472493827252337, 
  "activity": 0.031228734217171716
}