{
  "bolusiob": 0.22613498464999995, 
  "iob": 1.6856885498453127, 
  "activity": 0.013002462121212121
}