{
  "bolusiob": 0, 
  "iob": 1.806594256053355, 
  "activity": 0.015380309248737376
}