{
  "bolusiob": 0, 
  "iob": 0.5453560658309604, 
  "activity": 0.005668967297979798
}