{
  "bolusiob": 0, 
  "iob": 0.9065567409040821, 
  "activity": 0.011132357954545449
}