{
  "bolusiob": 0, 
  "iob": 0.6671246381550001, 
  "activity": 0.0070482323232323235
}