{
  "bolusiob": 0, 
  "iob": 0.47094012886531983, 
  "activity": 0.0058571273989898994
}