{
  "bolusiob": 0.79158566024, 
  "iob": 0.8756495118265639, 
  "activity": 0.01420010735479798
}