{
  "bolusiob": 0, 
  "iob": 1.7182680132581254, 
  "activity": 0.04664779040404041
}