{
  "bolusiob": 5.649197325, 
  "iob": 6.569868811947344, 
  "activity": 0.01323315340909091
}