{
  "bolusiob": 0, 
  "iob": 1.1243783967052348, 
  "activity": 0.017742597853535352
}