{
  "bolusiob": 0, 
  "iob": 0.6738085833887502, 
  "activity": 0.017697266414141412
}