{
  "bolusiob": 0, 
  "iob": 0.47226461313999984, 
  "activity": 0.010068560606060607
}