{
  "bolusiob": 1.62870062521, 
  "iob": 1.6788024328025, 
  "activity": 0.002023472222222222
}