{
  "bolusiob": 0, 
  "iob": 0.4922042514465198, 
  "activity": 0.0058071273989899
}