{
  "bolusiob": 0.043439369172500006, 
  "iob": 0.4690201029259375, 
  "activity": 0.006390675505050505
}