{
  "bolusiob": 0.26138293409, 
  "iob": 1.6854887509125, 
  "activity": 0.012728895202020203
}