{
  "bolusiob": 2.758057466185, 
  "iob": 5.306504777819489, 
  "activity": 0.033319473030303026
}