{
  "bolusiob": 0.8373421272999999, 
  "iob": 1.479369714273126, 
  "activity": 0.034745202020202016
}