{
  "bolusiob": 0.2291898415, 
  "iob": 0.7553546246290205, 
  "activity": 0.002291436407828282
}