{
  "bolusiob": 0, 
  "iob": 1.4488470107022517, 
  "activity": 0.024700230435606055
}