{
  "bolusiob": 0, 
  "iob": 1.001016410254922, 
  "activity": 0.0174905018939394
}