{
  "bolusiob": 0, 
  "iob": 0.33043514130785856, 
  "activity": 0.004209834842171717
}