{
  "bolusiob": 0.4149804291800004, 
  "iob": 4.1425223744199995, 
  "activity": 0.057154444444444445
}