{
  "bolusiob": 1.4876767731800002, 
  "iob": 5.206807510419999, 
  "activity": 0.045321111111111104
}