{
  "bolusiob": 0, 
  "iob": 0.22126714979931836, 
  "activity": 0.0034570170138888893
}