{
  "bolusiob": 0, 
  "iob": 0.9446293871267969, 
  "activity": 0.0171615625
}