{
  "bolusiob": 0.4541342581874998, 
  "iob": 3.672478382587695, 
  "activity": 0.051193778409090895
}