{
  "bolusiob": 0.025233778360000046, 
  "iob": 0.4330747726759375, 
  "activity": 0.006612594696969696
}