{
  "bolusiob": 0, 
  "iob": 0.9075326869512698, 
  "activity": 0.012488298611111108
}