{
  "bolusiob": 0, 
  "iob": 0.6225172483076193, 
  "activity": 0.00599746861111111
}