{
  "bolusiob": 0, 
  "iob": 0.9789019199405471, 
  "activity": 0.015006398358585854
}