{
  "bolusiob": 0, 
  "iob": 0.3869402169105945, 
  "activity": 0.007764362443181818
}