{
  "bolusiob": 0.13225135717999995, 
  "iob": 3.5779633731700002, 
  "activity": 0.0569450505050505
}