{
  "bolusiob": 0, 
  "iob": 0.6828796945000137, 
  "activity": 0.009422961849747474
}