{
  "bolusiob": 1.830572785625, 
  "iob": 4.6227155426588435, 
  "activity": 0.039874236351010096
}