{
  "bolusiob": 0, 
  "iob": 0.5601614178554, 
  "activity": 0.006179965454545455
}