{
  "bolusiob": 0.008980038252499933, 
  "iob": 0.3893823417415625, 
  "activity": 0.006400978535353535
}