{
  "bolusiob": 0.06578889883750003, 
  "iob": 1.660956668562813, 
  "activity": 0.01532290404040404
}