{
  "bolusiob": 0, 
  "iob": 1.1322890203898437, 
  "activity": 0.008925123106060607
}