{
  "bolusiob": 0, 
  "iob": 0.30608146892652655, 
  "activity": 0.0034016761047979804
}