{
  "bolusiob": 0, 
  "iob": 0.6131429205668754, 
  "activity": 0.027466603535353535
}