{
  "bolusiob": 0, 
  "iob": 0.9420496240222755, 
  "activity": 0.014774296085858582
}