{
  "bolusiob": 2.36282269272, 
  "iob": 2.7308611757168753, 
  "activity": 0.012294482323232322
}