{
  "bolusiob": 0, 
  "iob": 0.5542503037349391, 
  "activity": 0.015812743061868684
}