{
  "bolusiob": 0, 
  "iob": 0.2883483710182059, 
  "activity": 0.0034488920138888894
}