{
  "bolusiob": 0, 
  "iob": 0.37367921123657705, 
  "activity": 0.007956799311868688
}