{
  "bolusiob": 4.07915975278, 
  "iob": 4.6800816929755245, 
  "activity": 0.013839693888888888
}