{
  "bolusiob": 0, 
  "iob": 0.632569628276072, 
  "activity": 0.006309690833333335
}