{
  "bolusiob": 0, 
  "iob": 1.1068466455717971, 
  "activity": 0.017738014520202024
}