{
  "bolusiob": 0, 
  "iob": 0.5969878786495307, 
  "activity": 0.006248671262626263
}