{
  "bolusiob": 3.8139325971850004, 
  "iob": 5.7306569278240245, 
  "activity": 0.025588229242424237
}