{
  "bolusiob": 0.4856144966825, 
  "iob": 1.6838911401559375, 
  "activity": 0.010443592171717172
}