{
  "bolusiob": 0, 
  "iob": 0.1939541129367515, 
  "activity": 0.0034384059027777773
}