{
  "bolusiob": 0, 
  "iob": 0.5108350149114125, 
  "activity": 0.00572154037878788
}