{
  "bolusiob": 0.46065039461250007, 
  "iob": 1.9949813700025003, 
  "activity": 0.04340952651515151
}