{
  "bolusiob": 0, 
  "iob": 0.45283033374100706, 
  "activity": 0.008751287948232324
}