{
  "bolusiob": 1.3011710250000001, 
  "iob": 3.8833481208418745, 
  "activity": 0.047269002525252526
}