{
  "bolusiob": 0, 
  "iob": 0.9276079358475892, 
  "activity": 0.009213871148989895
}