{
  "bolusiob": 0, 
  "iob": 0.46021587703177724, 
  "activity": 0.005882335732323234
}