{
  "bolusiob": 0.9758012650825, 
  "iob": 1.5872732617106253, 
  "activity": 0.03903289141414141
}