{
  "bolusiob": 0.00013600374999978015, 
  "iob": 1.5063703303862441, 
  "activity": 0.02519924558712121
}