{
  "bolusiob": 0, 
  "iob": 0.5756211449415625, 
  "activity": 0.007620959595959597
}