{
  "bolusiob": 0, 
  "iob": 0.9412104623287696, 
  "activity": 0.012367894570707067
}