{
  "bolusiob": 0, 
  "iob": 0.890837807390332, 
  "activity": 0.011011568813131312
}