{
  "bolusiob": 0.23465518540000008, 
  "iob": 1.885858741115472, 
  "activity": 0.02536363117424242
}