{
  "bolusiob": 0, 
  "iob": 0.6260338398423928, 
  "activity": 0.006118588983585858
}