{
  "bolusiob": 0, 
  "iob": 0.6485888581159175, 
  "activity": 0.005273245126262626
}