{
  "bolusiob": 0, 
  "iob": 0.9786480444934473, 
  "activity": 0.01250446654040404
}