{
  "bolusiob": 0, 
  "iob": 0.1935742372950004, 
  "activity": 0.030497979797979795
}