{
  "bolusiob": 0, 
  "iob": 0.8399342533673436, 
  "activity": 0.006972982954545455
}