{
  "bolusiob": 0, 
  "iob": 0.05085677318749928, 
  "activity": 0.026472853535353537
}