{
  "bolusiob": 0, 
  "iob": 0.6618485487447324, 
  "activity": 0.014871903314393935
}