{
  "bolusiob": 0.49831749542250003, 
  "iob": 1.6459491202484373, 
  "activity": 0.010300271464646465
}