{
  "bolusiob": 0, 
  "iob": 0.04934684532125, 
  "activity": 6.118055555555556e-05
}