{
  "bolusiob": 0, 
  "iob": 0.3409865123440762, 
  "activity": 0.0041930397411616156
}