{
  "bolusiob": 0, 
  "iob": 0.6076688725976896, 
  "activity": 0.005391952651515151
}