{
  "bolusiob": 0, 
  "iob": 0.42980895018301046, 
  "activity": 0.006097894545454546
}