{
  "bolusiob": 0, 
  "iob": 0.6556116113928615, 
  "activity": 0.006113443781565654
}