{
  "bolusiob": 0.31862221535, 
  "iob": 2.0134265995584713, 
  "activity": 0.02797742753787879
}