{
  "bolusiob": 0, 
  "iob": 0.5626217689199873, 
  "activity": 0.005768099621212122
}