{
  "bolusiob": 0, 
  "iob": 0.9230955346694394, 
  "activity": 0.00921986862373737
}