{
  "bolusiob": 0, 
  "iob": 0.9666501321621098, 
  "activity": 0.015439599116161615
}