{
  "bolusiob": 0, 
  "iob": 0.0004694201049999069, 
  "activity": 0.004650757575757576
}