{
  "bolusiob": 0.31025872000999993, 
  "iob": 1.6945573967125, 
  "activity": 0.012419097222222222
}