{
  "bolusiob": 0, 
  "iob": 0.9909969906900001, 
  "activity": 0.02040959595959596
}