{
  "bolusiob": 0, 
  "iob": 0.5080704225781826, 
  "activity": 0.006190798680555557
}