{
  "bolusiob": 0, 
  "iob": 0.2952428152000002, 
  "activity": 0.012549848484848487
}