{
  "bolusiob": 0.6220108960325005, 
  "iob": 4.433590835117501, 
  "activity": 0.05416652777777777
}