{
  "bolusiob": 0, 
  "iob": 0.4974918966142826, 
  "activity": 0.006176404741161617
}