{
  "bolusiob": 0, 
  "iob": 0.5795718662717513, 
  "activity": 0.0064591632070707065
}