{
  "bolusiob": 0.08228880149000029, 
  "iob": 1.4980584132950003, 
  "activity": 0.024048106060606058
}