{
  "bolusiob": 0, 
  "iob": 1.167365435762422, 
  "activity": 0.017704378156565656
}