{
  "bolusiob": 0, 
  "iob": 0.6538646191081112, 
  "activity": 0.006436676313131314
}