{
  "bolusiob": 0, 
  "iob": 0.31050618550485715, 
  "activity": 0.005546616243686869
}