{
  "bolusiob": 0.6310598222000001, 
  "iob": 2.366031991116391, 
  "activity": 0.02628447299242424
}