{
  "bolusiob": 0.79572869536, 
  "iob": 0.8391566814459135, 
  "activity": 0.01439043563762626
}