{
  "bolusiob": 2.223507728640001, 
  "iob": 5.05529674207426, 
  "activity": 0.039111423611111105
}