{
  "bolusiob": 0, 
  "iob": 0.3281756869690887, 
  "activity": 0.0041834153724747474
}