{
  "bolusiob": 0, 
  "iob": 0.5182599741295095, 
  "activity": 0.009024949564393939
}