{
  "bolusiob": 0, 
  "iob": 0.15956270429271774, 
  "activity": 0.003031619286616162
}