{
  "bolusiob": 0, 
  "iob": 1.1505627491525579, 
  "activity": 0.006355429501262628
}