{
  "bolusiob": 0, 
  "iob": 0.008019322973125232, 
  "activity": 0.02375208333333333
}