{
  "bolusiob": 0, 
  "iob": 0.6704972875552474, 
  "activity": 0.014472155839646466
}