{
  "bolusiob": 0, 
  "iob": -0.03826984719614761, 
  "activity": 0.018625915334595955
}