{
  "bolusiob": 0.01795491834999996, 
  "iob": 1.524649114106485, 
  "activity": 0.016914277146464648
}