{
  "bolusiob": 0, 
  "iob": -0.03167142476403983, 
  "activity": 0.0042327176704545465
}