{
  "bolusiob": 0.6166989217000001, 
  "iob": 1.5586013092368753, 
  "activity": 0.011315347222222225
}