{
  "bolusiob": 0, 
  "iob": 0.2660135275861015, 
  "activity": 0.003466000599747475
}