{
  "bolusiob": 0, 
  "iob": 0.36653647245310417, 
  "activity": 0.005872793535353536
}