{
  "bolusiob": 0, 
  "iob": 0.6296069112459551, 
  "activity": 0.0063138038383838396
}