{
  "bolusiob": 0.07190366598249995, 
  "iob": 1.1926488247024998, 
  "activity": 0.04506276515151515
}