{
  "bolusiob": 0, 
  "iob": 0.6548502478720486, 
  "activity": 0.02716088206439394
}