{
  "bolusiob": 0, 
  "iob": 0.3915582974230729, 
  "activity": 0.005837200101010101
}