{
  "bolusiob": 0, 
  "iob": 0.049888692485, 
  "activity": 1.9583333333333333e-05
}