{
  "bolusiob": 0, 
  "iob": 0.3019877963168709, 
  "activity": 0.004870036527777778
}