{
  "bolusiob": 0, 
  "iob": 0.39807568592458437, 
  "activity": 0.008252329614898992
}