{
  "bolusiob": 4.6856964872099995, 
  "iob": 6.068087514386856, 
  "activity": 0.025526335227272722
}