{
  "bolusiob": 1.6306728060749998, 
  "iob": 3.0204715752293416, 
  "activity": 0.02075677097222222
}