{
  "bolusiob": 0, 
  "iob": 0.9568813852123776, 
  "activity": 0.014955066287878786
}