{
  "bolusiob": 0, 
  "iob": 0.7507288401843749, 
  "activity": 0.006305511363636363
}