{
  "bolusiob": 0, 
  "iob": 1.186735718118672, 
  "activity": 0.01773380366161616
}