{
  "bolusiob": 1.1623881015650002, 
  "iob": 3.021297583158359, 
  "activity": 0.022592642045454542
}