{
  "bolusiob": 0, 
  "iob": 0.601700304980508, 
  "activity": 0.006957023358585859
}