{
  "bolusiob": 0, 
  "iob": 0.664140250009375, 
  "activity": 0.005410536616161615
}