{
  "bolusiob": 0, 
  "iob": 0.6808481710178126, 
  "activity": 0.022327626262626257
}