{
  "bolusiob": 0, 
  "iob": 0.4849976918329958, 
  "activity": 0.005578200662878787
}