{
  "bolusiob": 0, 
  "iob": 0.4602477300840242, 
  "activity": 0.005766010075757577
}