{
  "bolusiob": -0.0004166033899999366, 
  "iob": 1.1821500936525, 
  "activity": 0.021475505050505047
}