{
  "bolusiob": 0, 
  "iob": 0.874395154568457, 
  "activity": 0.011067162247474744
}