{
  "bolusiob": 0, 
  "iob": 0.466869138423657, 
  "activity": 0.008778106130050504
}