{
  "bolusiob": 0, 
  "iob": 0.4894631138711896, 
  "activity": 0.00902349123106061
}