{
  "bolusiob": 0.51677407535, 
  "iob": 2.2518414359005963, 
  "activity": 0.026874397234848482
}