{
  "bolusiob": 0, 
  "iob": 0.14745492822828024, 
  "activity": 0.0029975283775252526
}