{
  "bolusiob": 0.6238710410225, 
  "iob": 1.5018469136937496, 
  "activity": 0.016720713383838383
}