{
  "bolusiob": 0, 
  "iob": 0.18328896275395148, 
  "activity": 0.003416789741161616
}