{
  "bolusiob": 0.28095702665, 
  "iob": 1.7104191952803123, 
  "activity": 0.0125982702020202
}