{
  "bolusiob": 0.39085090150000007, 
  "iob": 0.7919808176442079, 
  "activity": 0.00048461822601010096
}