{
  "bolusiob": 0, 
  "iob": 0.4815733736559198, 
  "activity": 0.005832127398989899
}