{
  "bolusiob": 0, 
  "iob": 0.9213679057305568, 
  "activity": 0.014705179924242421
}