{
  "bolusiob": 0.7378007724225001, 
  "iob": 1.3347123976212498, 
  "activity": 0.01636020833333333
}