{
  "bolusiob": 0.00016529278999919406, 
  "iob": 2.2200763286975, 
  "activity": 0.04001439393939394
}