{
  "bolusiob": 0, 
  "iob": 0.9088349505847073, 
  "activity": 0.0123155523989899
}