{
  "bolusiob": 0.010534621439999458, 
  "iob": 1.28317831936, 
  "activity": 0.0220040404040404
}