{
  "bolusiob": 0, 
  "iob": 0.5655654464516082, 
  "activity": 0.006195066464646466
}