{
  "bolusiob": 0, 
  "iob": 0.6161923076166178, 
  "activity": 0.006113285953282831
}