{
  "bolusiob": 0.54993749181, 
  "iob": 2.0425081671925, 
  "activity": 0.019393914141414142
}