{
  "bolusiob": 0.70118724479, 
  "iob": 1.4085169073293746, 
  "activity": 0.01649368686868687
}