{
  "bolusiob": 0, 
  "iob": 0.3236455020243593, 
  "activity": 0.004023087089646465
}