{
  "bolusiob": 0, 
  "iob": 0.5061686178599998, 
  "activity": 0.011038762626262626
}