{
  "bolusiob": 0, 
  "iob": 1.122786949749844, 
  "activity": 0.009007143308080808
}