{
  "bolusiob": 0, 
  "iob": 0.30937753812926366, 
  "activity": 0.004172051736111111
}