{
  "bolusiob": 0, 
  "iob": 0.5339060779684874, 
  "activity": 0.005708872601010102
}