{
  "bolusiob": 0, 
  "iob": 0.44953549345250005, 
  "activity": 0.01663560606060606
}