{
  "bolusiob": 0, 
  "iob": 0.35398225902616043, 
  "activity": 0.005317484191919192
}