{
  "bolusiob": 0, 
  "iob": 0.6523048727675237, 
  "activity": 0.006166628964646464
}