{
  "bolusiob": 0, 
  "iob": 0.6384683287868751, 
  "activity": 0.01260296717171717
}