{
  "bolusiob": 2.0246897569674993, 
  "iob": 4.616189438616875, 
  "activity": 0.046470366161616164
}