{
  "bolusiob": 0.6733267558400001, 
  "iob": 0.7785176794623838, 
  "activity": 0.012626827821969696
}