{
  "bolusiob": 0, 
  "iob": 0.6213779852509924, 
  "activity": 0.0055459723989899
}