{
  "bolusiob": 0, 
  "iob": 0.002822465783123962, 
  "activity": 0.022434280303030303
}