{
  "bolusiob": 3.068543216640001, 
  "iob": 5.467480709012383, 
  "activity": 0.03476699179292929
}