{
  "bolusiob": 0, 
  "iob": 1.0909118988396878, 
  "activity": 0.004634223484848486
}