{
  "bolusiob": 0, 
  "iob": 0.6886078155990626, 
  "activity": 0.019714854797979794
}