{
  "bolusiob": 2.531986443275, 
  "iob": 3.605988220599375, 
  "activity": 0.012015069444444445
}