{
  "bolusiob": 1.66738772416, 
  "iob": 3.237384972938984, 
  "activity": 0.0195155523989899
}