{
  "bolusiob": 0, 
  "iob": 1.0969041436499218, 
  "activity": 0.01772940972222222
}