{
  "bolusiob": 0, 
  "iob": 0.6215259299768112, 
  "activity": 0.006350609393939396
}