{
  "bolusiob": 0, 
  "iob": 0.9875284445842383, 
  "activity": 0.009291402784090907
}