{
  "bolusiob": 0, 
  "iob": 0.5099958490146395, 
  "activity": 0.00900674249368687
}