{
  "bolusiob": 0, 
  "iob": 0.5770603990341263, 
  "activity": 0.0055590106313131325
}