{
  "bolusiob": 0, 
  "iob": 0.5511854646411956, 
  "activity": 0.006170950303030302
}