{
  "bolusiob": 1.03325777604, 
  "iob": 2.310212135835625, 
  "activity": 0.0160532702020202
}