{
  "bolusiob": 0, 
  "iob": 0.5149472689225, 
  "activity": 0.0015456944444444444
}