{
  "bolusiob": 0, 
  "iob": 0.13589335738312444, 
  "activity": 0.029166729797979796
}