{
  "bolusiob": 0.1021121823375, 
  "iob": 1.675360369470313, 
  "activity": 0.014557676767676768
}