{
  "bolusiob": 0, 
  "iob": 0.6449943847281362, 
  "activity": 0.00648516116161616
}