{
  "bolusiob": 0.8667889011799996, 
  "iob": 4.70425064242, 
  "activity": 0.05123777777777778
}