{
  "bolusiob": 0, 
  "iob": 0.35795505060055605, 
  "activity": 0.005858519545454546
}