{
  "bolusiob": 0, 
  "iob": 0.9241312955809573, 
  "activity": 0.012341505681818181
}