{
  "bolusiob": 0, 
  "iob": 0.5298116940368751, 
  "activity": 0.011959027777777777
}