{
  "bolusiob": 0, 
  "iob": 1.099872545645148, 
  "activity": 0.008142740107323233
}