{
  "bolusiob": 0.007599384539999932, 
  "iob": 0.3282050879334556, 
  "activity": 0.005410451357323234
}