{
  "bolusiob": 0.02234163235000003, 
  "iob": 1.65468517613375, 
  "activity": 0.01681000631313132
}