{
  "bolusiob": 2.73268867172, 
  "iob": 3.1153889145574993, 
  "activity": 0.014066010101010098
}