{
  "bolusiob": 1.86415964775, 
  "iob": 5.43737429225, 
  "activity": 0.04234305555555555
}