{
  "bolusiob": 0, 
  "iob": 0.43902619249351976, 
  "activity": 0.005932127398989899
}