{
  "bolusiob": 2.2776440451800006, 
  "iob": 5.65019297842, 
  "activity": 0.03940444444444444
}