{
  "bolusiob": 0, 
  "iob": 0.42954421984973246, 
  "activity": 0.006222345397727272
}