{
  "bolusiob": 0.11035420375000005, 
  "iob": 1.786004942338439, 
  "activity": 0.026666537878787883
}