{
  "bolusiob": 0, 
  "iob": 0.5732833651355874, 
  "activity": 0.005734766287878788
}