{
  "bolusiob": 0, 
  "iob": 0.9030406640125002, 
  "activity": 0.0031395833333333336
}