{
  "bolusiob": 0, 
  "iob": 1.356891452295, 
  "activity": 0.043944949494949495
}