{
  "bolusiob": 0, 
  "iob": 0.35406270267062623, 
  "activity": 0.004200615498737374
}