{
  "bolusiob": 0.6602986647825, 
  "iob": 1.4285715524537494, 
  "activity": 0.016665536616161613
}