{
  "bolusiob": 0, 
  "iob": 1.1636595640992187, 
  "activity": 0.00864958648989899
}