{
  "bolusiob": 0, 
  "iob": 1.1644000727549328, 
  "activity": 0.010121872051767677
}