{
  "bolusiob": 0, 
  "iob": 0.5216335831525002, 
  "activity": 0.01723661616161616
}