{
  "bolusiob": 0.69832796544, 
  "iob": 2.139607925685625, 
  "activity": 0.018250770202020202
}