{
  "bolusiob": 0.04467907708000008, 
  "iob": 1.0461497010800005, 
  "activity": 0.04416651515151515
}