{
  "bolusiob": 0.7687024658, 
  "iob": 2.4841945379694117, 
  "activity": 0.025628614406565657
}