{
  "bolusiob": 0, 
  "iob": 0.39431019936, 
  "activity": 0.01172853535353535
}