{
  "bolusiob": 0, 
  "iob": 0.7759583563498645, 
  "activity": 0.010997970397727269
}