{
  "bolusiob": 0, 
  "iob": 0.9712227244517971, 
  "activity": 0.017239214015151518
}