{
  "bolusiob": 0, 
  "iob": 0.48049858386000005, 
  "activity": 0.010394823232323231
}