{
  "bolusiob": 0, 
  "iob": 0.4745058579647331, 
  "activity": 0.005603188036616162
}