{
  "bolusiob": 0, 
  "iob": 0.2630935246331254, 
  "activity": 0.03185612373737373
}