{
  "bolusiob": 1.0082362720825, 
  "iob": 1.7872985102106247, 
  "activity": 0.04115094696969697
}