{
  "bolusiob": 0, 
  "iob": 0.8623159953300003, 
  "activity": 0.005681856060606061
}