{
  "bolusiob": 0.58726358604, 
  "iob": 1.5233961123100002, 
  "activity": 0.00936669191919192
}