{
  "bolusiob": 1.9256032284, 
  "iob": 3.1923083879075715, 
  "activity": 0.018394270972222217
}