{
  "bolusiob": 0, 
  "iob": 0.81895011375, 
  "activity": 0.0027541666666666673
}