{
  "bolusiob": 0, 
  "iob": 0.6324094735625942, 
  "activity": 0.005910347398989898
}