{
  "bolusiob": 0.05177318349000001, 
  "iob": 1.805734011052499, 
  "activity": 0.05133994949494949
}