{
  "bolusiob": 0, 
  "iob": 0.34463804702669276, 
  "activity": 0.004204346660353534
}