{
  "bolusiob": 0, 
  "iob": 0.4193459537700229, 
  "activity": 0.005750688106060606
}