{
  "bolusiob": 0.21001868489, 
  "iob": 1.710177050725, 
  "activity": 0.013148781565656567
}