{
  "bolusiob": 0, 
  "iob": 0.7178959887225004, 
  "activity": 0.006549608585858586
}