{
  "bolusiob": 0.61791121632, 
  "iob": 2.5718877447850006, 
  "activity": 0.0352488446969697
}