{
  "bolusiob": 0.2926657046400001, 
  "iob": 1.7245631207562497, 
  "activity": 0.012523781565656563
}