{
  "bolusiob": 0, 
  "iob": 0.18858462948597646, 
  "activity": 0.0034293149936868686
}