{
  "bolusiob": 0.0005837603499999622, 
  "iob": 1.3092094141958597, 
  "activity": 0.01756940340909091
}