{
  "bolusiob": 0, 
  "iob": 0.5225924761095911, 
  "activity": 0.005702708238636364
}