{
  "bolusiob": 0, 
  "iob": 0.9881689074491454, 
  "activity": 0.012464188762626264
}