{
  "bolusiob": 0, 
  "iob": 0.5547538280256252, 
  "activity": 0.007702777777777779
}