{
  "bolusiob": 0, 
  "iob": 0.58852632069, 
  "activity": 0.017758080808080806
}