{
  "bolusiob": 0, 
  "iob": 0.6117941019458093, 
  "activity": 0.006442923156565656
}