{
  "bolusiob": 0, 
  "iob": 0.29714315890271376, 
  "activity": 0.004164475978535354
}