{
  "bolusiob": 0, 
  "iob": 0.9393184197446095, 
  "activity": 0.01699809027777778
}