{
  "bolusiob": 0.4540296198224999, 
  "iob": 1.7026659538684377, 
  "activity": 0.010818478535353537
}