{
  "bolusiob": 1.4603215232749998, 
  "iob": 2.9220604251769715, 
  "activity": 0.02199843763888889
}