{
  "bolusiob": 0, 
  "iob": 0.41357487610810706, 
  "activity": 0.007502089715909092
}