{
  "bolusiob": 0, 
  "iob": 0.9618610107472073, 
  "activity": 0.012299643308080812
}