{
  "bolusiob": 0.02351883498250004, 
  "iob": 0.9096361159056244, 
  "activity": 0.04260549242424243
}