{
  "bolusiob": 0, 
  "iob": 0.5331904951592249, 
  "activity": 0.00617430888888889
}