{
  "bolusiob": 0, 
  "iob": 0.5512628671300002, 
  "activity": 0.033048851010101014
}