{
  "bolusiob": 0.0016365143500000068, 
  "iob": 1.3400097031036722, 
  "activity": 0.01749803977272727
}