{
  "bolusiob": 0, 
  "iob": 0.5019471434108197, 
  "activity": 0.005784210732323233
}