{
  "bolusiob": 0, 
  "iob": 0.4963740254683076, 
  "activity": 0.005547253693181819
}