{
  "bolusiob": 0, 
  "iob": 1.0385587521505468, 
  "activity": 0.017666221590909092
}