{
  "bolusiob": 0, 
  "iob": 0.5266002774677324, 
  "activity": 0.006156991862373739
}