{
  "bolusiob": 2.7392302177500003, 
  "iob": 5.85097682225, 
  "activity": 0.03642638888888888
}