{
  "bolusiob": 0, 
  "iob": 0.8102149153529936, 
  "activity": 0.013148066003787876
}