{
  "bolusiob": 0, 
  "iob": 0.3493326675956542, 
  "activity": 0.005844005656565658
}