{
  "bolusiob": 0.7067246590475, 
  "iob": 1.4236293354025, 
  "activity": 0.008389027777777777
}