{
  "bolusiob": 0, 
  "iob": 0.93643759955375, 
  "activity": 0.007722266414141412
}