{
  "bolusiob": 0.3243949732800001, 
  "iob": 2.676942707063629, 
  "activity": 0.04416059652777777
}