{
  "bolusiob": 0.2505998650200001, 
  "iob": 3.8525470361300003, 
  "activity": 0.057434646464646466
}